{
  "accuracy": 0.992504099320684,
  "macro_f1": 0.986247973086081,
  "labels": [
    "battery",
    "compass",
    "gps",
    "motor",
    "nominal"
  ],
  "confusion_matrix": [
    [
      230,
      0,
      0,
      0,
      10
    ],
    [
      0,
      307,
      0,
      0,
      3
    ],
    [
      0,
      0,
      308,
      0,
      3
    ],
    [
      1,
      0,
      0,
      273,
      5
    ],
    [
      8,
      0,
      0,
      2,
      3119
    ]
  ],
  "per_class": {
    "battery": {
      "precision": 0.9623430962343096,
      "recall": 0.9583333333333334,
      "f1-score": 0.9603340292275574,
      "support": 240.0
    },
    "compass": {
      "precision": 1.0,
      "recall": 0.9903225806451613,
      "f1-score": 0.9951377633711507,
      "support": 310.0
    },
    "gps": {
      "precision": 1.0,
      "recall": 0.9903536977491961,
      "f1-score": 0.9951534733441034,
      "support": 311.0
    },
    "motor": {
      "precision": 0.9927272727272727,
      "recall": 0.978494623655914,
      "f1-score": 0.9855595667870036,
      "support": 279.0
    },
    "nominal": {
      "precision": 0.993312101910828,
      "recall": 0.9968040907638223,
      "f1-score": 0.9950550327005903,
      "support": 3129.0
    }
  }
}